week,player_id,team_abbr,report_primary_injury,report_status,practice_primary_injury,practice_status
1,00-0034381,ARI,,,Not injury related - resting player,Full Participation in Practice
1,00-0035859,ARI,,,Groin,Full Participation in Practice
1,00-0039007,ARI,Achilles,Out,Achilles,Limited Participation in Practice
1,00-0039808,ARI,Knee,Out,Knee,Did Not Participate In Practice
1,00-0039864,ARI,Ribs,Out,Ribs,Did Not Participate In Practice
1,00-0040751,ARI,,,Ankle,Full Participation in Practice
1,00-0041027,ARI,Ankle,Questionable,Ankle,Limited Participation in Practice
1,00-0031279,ATL,,,Not injury related - resting player,Did Not Participate In Practice
1,00-0031576,ATL,Shoulder,Questionable,Shoulder,Full Participation in Practice
1,00-0034371,ATL,,,Knee,Full Participation in Practice
1,00-0035237,ATL,,,Knee,Full Participation in Practice
1,00-0036212,ATL,Oblique,Out,Oblique,Did Not Participate In Practice
1,00-0036354,ATL,,,Knee,Full Participation in Practice
1,00-0039859,ATL,,,Groin,Full Participation in Practice
1,00-0039917,ATL,Knee,Out,Knee,Full Participation in Practice
1,00-0040156,ATL,Achilles,Out,Achilles,Limited Participation in Practice
1,00-0040687,ATL,Ankle,Out,Ankle,Did Not Participate In Practice
1,00-0041044,ATL,,,Hamstring,Full Participation in Practice
1,00-0041066,ATL,,,Achilles,Full Participation in Practice
1,00-0026190,BAL,,,Not injury related - resting player,Did Not Participate In Practice
1,00-0036130,BAL,Neck,Out,Neck,Limited Participation in Practice
1,00-0039064,BAL,,,Hamstring,Full Participation in Practice
1,00-0039792,BAL,Groin,Questionable,Groin,Limited Participation in Practice
1,00-0040069,BAL,Knee,Out,Knee,Limited Participation in Practice
1,00-0035537,BUF,Hamstring,Questionable,Hamstring,Limited Participation in Practice
1,00-0040192,BUF,Quadricep,Questionable,Quadricep,Full Participation in Practice
1,00-0040724,BUF,Knee,Questionable,Knee,Limited Participation in Practice
1,00-0036903,CAR,,,Back,Full Participation in Practice
1,00-0037007,CAR,Back,Out,Back,Did Not Participate In Practice
1,00-0039344,CAR,,,Groin,Full Participation in Practice
1,00-0031583,CHI,,,Not injury related - resting player,Full Participation in Practice
1,00-0032391,CHI,,,Not injury related - resting player,Full Participation in Practice
1,00-0033579,CHI,Groin,Questionable,Groin,Limited Participation in Practice
1,00-0038416,CHI,Back,Questionable,Back,Did Not Participate In Practice
1,00-0039919,CHI,Calf,Questionable,Calf,Limited Participation in Practice
1,00-0040740,CHI,Knee,Questionable,Knee,Limited Participation in Practice
1,00-0033523,CIN,,,Not injury related - resting player,Full Participation in Practice
1,00-0034800,CIN,,,Not injury related - resting player,Full Participation in Practice
1,00-0035683,CIN,,,Not injury related - resting player,Did Not Participate In Practice
1,00-0036410,CIN,,,Foot,Full Participation in Practice
1,00-0036900,CIN,,,Knee,Did Not Participate In Practice
1,00-0038549,CIN,,,Hamstring,Limited Participation in Practice
1,00-0040756,CIN,Knee,Doubtful,Knee,Did Not Participate In Practice
1,00-0033131,CLE,,,Quadricep,Limited Participation in Practice
1,00-0036953,CLE,Back,Out,Back,Did Not Participate In Practice
1,00-0040579,CLE,,,Shoulder,Full Participation in Practice
1,00-0041073,CLE,Thumb,Questionable,Thumb,Limited Participation in Practice
1,00-0033093,DAL,,,Groin,Full Participation in Practice
1,00-0037563,DAL,Hip,Out,Hip,Limited Participation in Practice
1,00-0038547,DAL,,,Not injury related - personal matter,Did Not Participate In Practice
1,00-0040017,DAL,,,Knee,Full Participation in Practice
1,00-0038976,DEN,,,Foot,Full Participation in Practice
1,00-0038660,DET,,,Knee,Full Participation in Practice
1,00-0038820,DET,Groin,Questionable,Groin,Limited Participation in Practice
1,00-0039396,DET,,,Groin,Full Participation in Practice
1,00-0039660,DET,,,Ankle,Full Participation in Practice
1,00-0039862,DET,,,Ankle,Full Participation in Practice
1,00-0041441,DET,,,Hamstring,Full Participation in Practice
1,00-0041442,DET,,,Hamstring,Full Participation in Practice
1,00-0041445,DET,,,Hand,Full Participation in Practice
1,00-0033109,GB,,,Knee,Limited Participation in Practice
1,00-0036551,GB,Knee,Questionable,Knee,Limited Participation in Practice
1,00-0037075,GB,,,Ankle,Limited Participation in Practice
1,00-0037817,GB,Knee,Questionable,Knee,Limited Participation in Practice
1,00-0039812,GB,Achilles,Questionable,Achilles,Limited Participation in Practice
1,00-0039904,GB,,,Knee,Full Participation in Practice
1,00-0040010,GB,,,Foot,Limited Participation in Practice
1,00-0040016,GB,Calf,Out,Calf,Did Not Participate In Practice
1,00-0032071,HOU,,,Wrist,Full Participation in Practice
1,00-0039108,HOU,,,Not injury related - resting player,Did Not Participate In Practice
1,00-0041440,HOU,,,Ankle,Did Not Participate In Practice
1,00-0041465,HOU,,,Thumb,Full Participation in Practice
1,00-0032378,IND,,,Not injury related - resting player,Did Not Participate In Practice
1,00-0033952,IND,,,Not injury related - resting player,Full Participation in Practice
1,00-0034573,IND,,,Not injury related - resting player,Limited Participation in Practice
1,00-0037292,IND,,,Neck,Full Participation in Practice
1,00-0037664,IND,,,Heel,Limited Participation in Practice
1,00-0039164,IND,,,Illness,Full Participation in Practice
1,00-0039178,IND,Hamstring,Out,Hamstring,Did Not Participate In Practice
1,00-0039876,IND,,,Illness,Full Participation in Practice
1,00-0041043,IND,,,Ankle,Full Participation in Practice
1,00-0034960,JAX,,,Thumb,Limited Participation in Practice
1,00-0036655,JAX,,,Knee,Limited Participation in Practice
1,00-0038934,JAX,,,Foot,Did Not Participate In Practice
1,00-0040238,JAX,Hip,Questionable,Hip,Limited Participation in Practice
1,00-0032762,KC,,,Calf,Did Not Participate In Practice
1,00-0033873,KC,,,Knee,Full Participation in Practice
1,00-0036374,KC,,,Knee,Limited Participation in Practice
1,00-0036660,KC,,,Hip,Full Participation in Practice
1,00-0037208,KC,,,Knee,Full Participation in Practice
1,00-0038982,KC,Knee,Out,Knee,Did Not Participate In Practice
1,00-0039067,KC,,,Knee,Full Participation in Practice
1,00-0039894,KC,,,Shoulder,Full Participation in Practice
1,00-0040116,KC,Back,Out,Back,Did Not Participate In Practice
1,00-0040640,KC,,,Foot,Full Participation in Practice
1,00-0041501,KC,,,Hamstring,Full Participation in Practice
1,00-0031388,LA,Not injury related - resting player,Out,Not injury related - resting player,Did Not Participate In Practice
1,00-0033110,LA,,,Not injury related - resting player,Full Participation in Practice
1,00-0033868,LA,,,Knee,Full Participation in Practice
1,00-0036603,LA,,,Not injury related - resting player,Full Participation in Practice
1,00-0036672,LA,,,Hamstring,Full Participation in Practice
1,00-0037195,LA,,,Toe,Full Participation in Practice
1,00-0039137,LA,,,Not injury related - resting player,Full Participation in Practice
1,00-0031040,LAC,,,Not injury related - resting player,Full Participation in Practice
1,00-0037320,LAC,Abdomen,Out,Abdomen,Did Not Participate In Practice
1,00-0038454,LAC,,,Hamstring,Full Participation in Practice
1,00-0039111,LAC,Hip,Questionable,Hip,Limited Participation in Practice
1,00-0040221,LAC,,,Ankle,Full Participation in Practice
1,00-0041550,LAC,,,Hip,Full Participation in Practice
1,00-0039338,LV,Knee,Out,Knee,Did Not Participate In Practice
1,00-0040122,LV,,,Ankle,Full Participation in Practice
1,00-0034779,MIA,,,Hamstring,Full Participation in Practice
1,00-0040182,MIA,,,Hamstring,Full Participation in Practice
1,00-0041524,MIA,,,Calf,Full Participation in Practice
1,00-0041579,MIA,,,Thumb,Full Participation in Practice
1,00-0029606,MIN,,,Not injury related - resting player,Limited Participation in Practice
1,00-0036616,MIN,,,Not injury related - resting player,Did Not Participate In Practice
1,00-0041053,MIN,,,Ankle,Full Participation in Practice
1,00-0041054,MIN,,,Illness,Full Participation in Practice
1,00-0041354,MIN,,,Ankle,Full Participation in Practice
1,00-0036981,NE,,,Knee,Full Participation in Practice
1,00-0037413,NE,Knee,Out,Knee,Did Not Participate In Practice
1,00-0040734,NE,Ankle,Out,Ankle,Did Not Participate In Practice
1,00-0027962,NO,Hamstring,Out,Hamstring,Limited Participation in Practice
1,00-0033860,NO,,,Not injury related - resting player,Full Participation in Practice
1,00-0033906,NO,Knee,Questionable,Knee,Full Participation in Practice
1,00-0039373,NO,Thigh,Out,Thigh,Did Not Participate In Practice
1,00-0041041,NO,Hamstring,Out,Hamstring,Did Not Participate In Practice
1,00-0031270,NYG,,,Achilles,Full Participation in Practice
1,00-0033376,NYG,,,Toe,Full Participation in Practice
1,00-0036386,NYG,,,Knee,Full Participation in Practice
1,00-0039337,NYG,Knee,Questionable,Knee,Full Participation in Practice
1,00-0039446,NYG,,,Knee,Full Participation in Practice
1,00-0039847,NYG,,,Shoulder,Full Participation in Practice
1,00-0033375,NYJ,Groin,Out,Groin,Did Not Participate In Practice
1,00-0036842,NYJ,Back,Doubtful,Back,Did Not Participate In Practice
1,00-0036902,NYJ,Foot,Out,Foot,Did Not Participate In Practice
1,00-0038120,NYJ,,,Groin,Full Participation in Practice
1,00-0039798,NYJ,,,Knee,Full Participation in Practice
1,00-0041032,NYJ,,,Groin,Full Participation in Practice
1,00-0041038,NYJ,Calf,Doubtful,Calf,Limited Participation in Practice
1,00-0036224,PHI,Pectoral,Out,Pectoral,Limited Participation in Practice
1,00-0041483,PHI,Hamstring,Out,Hamstring,Limited Participation in Practice
1,00-0039167,PIT,Back,Questionable,Back,Limited Participation in Practice
1,00-0036363,SEA,,,Knee,Limited Participation in Practice
1,00-0038765,SEA,Hamstring,Out,Hamstring,Did Not Participate In Practice
1,00-0038797,SEA,,,Hamstring,Full Participation in Practice
1,00-0039020,SEA,,,Knee,Full Participation in Practice
1,00-0039793,SEA,,,Oblique,Full Participation in Practice
1,00-0040648,SEA,Hamstring,Questionable,Hamstring,Limited Participation in Practice
1,00-0040733,SEA,Ankle,Questionable,Ankle,Limited Participation in Practice
1,00-0040873,SEA,,,Quadricep,Full Participation in Practice
1,00-0029892,SF,,,Finger,Limited Participation in Practice
1,00-0033288,SF,,,Achilles,Limited Participation in Practice
1,00-0034982,SF,,,Achilles,Full Participation in Practice
1,00-0035413,SF,,,Hamstring,Full Participation in Practice
1,00-0035717,SF,,,Knee,Limited Participation in Practice
1,00-0039345,SF,,,Hamstring,Full Participation in Practice
1,00-0040152,SF,,,Achilles,Full Participation in Practice
1,00-0040721,SF,Knee,Out,Knee,Did Not Participate In Practice
1,00-0041363,SF,Hamstring,Questionable,Hamstring,Limited Participation in Practice
1,00-0041556,SF,,,Ankle,Full Participation in Practice
1,00-0041557,SF,,,Ankle,Full Participation in Practice
1,00-0034989,TB,Oblique,Doubtful,Oblique,Limited Participation in Practice
1,00-0035942,TB,Foot,Questionable,Foot,Limited Participation in Practice
1,00-0038951,TB,Hamstring,Doubtful,Hamstring,Limited Participation in Practice
1,00-0039855,TB,Knee,Doubtful,Knee,Limited Participation in Practice
1,00-0040129,TB,,,Toe,Full Participation in Practice
1,00-0041031,TB,,,Shoulder,Full Participation in Practice
1,00-0041082,TB,,,Knee,Full Participation in Practice
1,00-0039858,TEN,Concussion,Out,Concussion,Did Not Participate In Practice
1,00-0041508,TEN,,,Shoulder,Full Participation in Practice
1,00-0032268,WAS,,,Knee,Full Participation in Practice
1,00-0034333,WAS,,,Knee,Limited Participation in Practice
1,00-0035149,WAS,,,Calf,Full Participation in Practice
1,00-0035279,WAS,,,Wrist,Full Participation in Practice
1,00-0036260,WAS,,,Back,Full Participation in Practice
1,00-0036286,WAS,,,Knee,Limited Participation in Practice
1,00-0036940,WAS,,,Calf,Limited Participation in Practice
1,00-0039368,WAS,,,Chest,Full Participation in Practice
1,00-0039912,WAS,,,Oblique,Full Participation in Practice
1,00-0040242,WAS,,,Groin,Limited Participation in Practice
2,00-0032954,ARI,Shoulder,Questionable,Shoulder,Limited Participation in Practice
2,00-0033066,ARI,Knee,Questionable,Knee,Limited Participation in Practice
2,00-0033890,ARI,,,Not injury related - resting player,Full Participation in Practice
2,00-0034381,ARI,,,Not injury related - resting player,Full Participation in Practice
2,00-0036568,ARI,Groin,Questionable,Groin,Limited Participation in Practice
2,00-0037596,ARI,,,Shoulder,Full Participation in Practice
2,00-0037744,ARI,,,Not injury related - resting player,Full Participation in Practice
2,00-0039007,ARI,Achilles,Out,Achilles,Limited Participation in Practice
2,00-0039807,ARI,Ankle,Questionable,Ankle,Limited Participation in Practice
2,00-0039808,ARI,Knee,Questionable,Knee,Limited Participation in Practice
2,00-0039864,ARI,Ribs,Questionable,Ribs,Limited Participation in Practice
2,00-0040645,ARI,,,Shoulder,Full Participation in Practice
2,00-0031279,ATL,,,Not injury related - resting player,Did Not Participate In Practice
2,00-0031576,ATL,,,Not injury related - resting player,Did Not Participate In Practice
2,00-0033662,ATL,,,Back,Full Participation in Practice
2,00-0035237,ATL,,,Knee,Full Participation in Practice
2,00-0035630,ATL,Concussion,Questionable,Concussion,Full Participation in Practice
2,00-0036212,ATL,Oblique,Doubtful,Oblique,Did Not Participate In Practice
2,00-0036285,ATL,Shoulder,Questionable,Shoulder,Did Not Participate In Practice
2,00-0036833,ATL,,,Illness,Did Not Participate In Practice
2,00-0039917,ATL,Knee,Out,Knee,Full Participation in Practice
2,00-0040156,ATL,Achilles,Out,Achilles,Full Participation in Practice
2,00-0041066,ATL,,,Achilles,Full Participation in Practice
2,00-0026190,BAL,,,Not injury related - resting player,Full Participation in Practice
2,00-0032965,BAL,Toe,Questionable,Toe,Limited Participation in Practice
2,00-0033935,BAL,Finger,Questionable,Finger,Limited Participation in Practice
2,00-0036130,BAL,Neck,Out,Neck,Limited Participation in Practice
2,00-0036302,BAL,,,Chest,Full Participation in Practice
2,00-0036369,BAL,Groin,Questionable,Groin,Limited Participation in Practice
2,00-0039064,BAL,Hamstring,Doubtful,Hamstring,Limited Participation in Practice
2,00-0039234,BAL,Knee,Out,Knee,Did Not Participate In Practice
2,00-0039792,BAL,,,Groin,Full Participation in Practice
2,00-0040069,BAL,Knee,Out,Knee,Limited Participation in Practice
2,00-0040104,BAL,,,Shoulder,Full Participation in Practice
2,00-0034832,BUF,,,Thumb,Full Participation in Practice
2,00-0035537,BUF,Hamstring,Questionable,Hamstring,Limited Participation in Practice
2,00-0037254,BUF,,,Calf,Limited Participation in Practice
2,00-0039872,BUF,Knee,Questionable,Knee,Limited Participation in Practice
2,00-0040192,BUF,,,Quadricep,Full Participation in Practice
2,00-0040724,BUF,Knee,Questionable,Knee,Limited Participation in Practice
2,00-0031610,CAR,,,Not injury related - resting player,Full Participation in Practice
2,00-0036903,CAR,Back,Out,Back,Did Not Participate In Practice
2,00-0037007,CAR,Back,Questionable,Back,Limited Participation in Practice
2,00-0039491,CAR,,,Ankle,Full Participation in Practice
2,00-0031583,CHI,,,Not injury related - resting player,Full Participation in Practice
2,00-0032391,CHI,,,Not injury related - resting player,Full Participation in Practice
2,00-0033579,CHI,,,Groin,Full Participation in Practice
2,00-0036275,CHI,,,Ankle,Full Participation in Practice
2,00-0036366,CHI,,,Illness,Full Participation in Practice
2,00-0036480,CHI,,,Shoulder,Full Participation in Practice
2,00-0038932,CHI,,,Knee,Full Participation in Practice
2,00-0040236,CHI,,,Hamstring,Full Participation in Practice
2,00-0040740,CHI,,,Knee,Full Participation in Practice
2,00-0041060,CHI,,,Ankle,Full Participation in Practice
2,00-0033523,CIN,,,Not injury related - resting player,Full Participation in Practice
2,00-0033526,CIN,,,Illness,Did Not Participate In Practice
2,00-0034800,CIN,Achilles,Questionable,Not injury related - resting player,Did Not Participate In Practice
2,00-0035683,CIN,,,Not injury related - resting player,Did Not Participate In Practice
2,00-0036442,CIN,Back,Questionable,Back,Full Participation in Practice
2,00-0037743,CIN,,,Hand,Full Participation in Practice
2,00-0040756,CIN,,,Knee,Full Participation in Practice
2,00-0033131,CLE,,,Quadricep,Limited Participation in Practice
2,00-0035526,CLE,,,Back,Full Participation in Practice
2,00-0036287,CLE,Hand,Questionable,,
2,00-0036407,CLE,,,Wrist,Full Participation in Practice
2,00-0036953,CLE,Back,Out,Back,Did Not Participate In Practice
2,00-0036974,CLE,Ankle,Questionable,Ankle,Limited Participation in Practice
2,00-0037818,CLE,,,Knee,Full Participation in Practice
2,00-0039014,CLE,,,Head,Full Participation in Practice
2,00-0041073,CLE,,,Thumb,Full Participation in Practice
2,00-0033877,DAL,Forearm,Out,Forearm,Did Not Participate In Practice
2,00-0037310,DAL,,,Shoulder,Full Participation in Practice
2,00-0038556,DAL,Hamstring,Out,Hamstring,Did Not Participate In Practice
2,00-0040017,DAL,,,Knee,Full Participation in Practice
2,00-0038976,DEN,Foot,Out,Foot,Did Not Participate In Practice
2,00-0039809,DEN,,,Shoulder,Full Participation in Practice
2,00-0039868,DEN,,,Knee,Full Participation in Practice
2,00-0040730,DEN,Hamstring,Questionable,Hamstring,Limited Participation in Practice
2,00-0034384,DET,Foot,Questionable,Foot,Limited Participation in Practice
2,00-0038820,DET,,,Groin,Full Participation in Practice
2,00-0038936,DET,,,Knee,Full Participation in Practice
2,00-0039408,DET,Hip,Out,Hip,Did Not Participate In Practice
2,00-0041439,DET,Knee,Out,Knee,Did Not Participate In Practice
2,00-0033109,GB,Knee,Doubtful,Knee,Did Not Participate In Practice
2,00-0036551,GB,Knee,Questionable,Knee,Limited Participation in Practice
2,00-0036625,GB,Hamstring,Questionable,Hamstring,Limited Participation in Practice
2,00-0037075,GB,,,Ankle,Limited Participation in Practice
2,00-0037817,GB,Knee,Questionable,Knee,Limited Participation in Practice
2,00-0039112,GB,Concussion,Questionable,Concussion,Limited Participation in Practice
2,00-0039812,GB,,,Achilles,Limited Participation in Practice
2,00-0040010,GB,,,Foot,Limited Participation in Practice
2,00-0040016,GB,Calf,Out,Calf,Did Not Participate In Practice
2,00-0041470,GB,,,Cramps,Full Participation in Practice
2,00-0031364,HOU,Knee,Out,Knee,Did Not Participate In Practice
2,00-0032071,HOU,,,Hand,Full Participation in Practice
2,00-0034383,HOU,,,Not injury related - resting player,Did Not Participate In Practice
2,00-0036554,HOU,Hamstring,Out,Hamstring,Did Not Participate In Practice
2,00-0037633,HOU,Groin,Out,Groin,Did Not Participate In Practice
2,00-0038127,HOU,,,Not injury related - resting player,Did Not Participate In Practice
2,00-0038131,HOU,Groin,Out,Groin,Did Not Participate In Practice
2,00-0039108,HOU,,,Not injury related - resting player,Limited Participation in Practice
2,00-0041465,HOU,,,Thumb,Full Participation in Practice
2,00-0030279,IND,,,Not injury related - resting player,Full Participation in Practice
2,00-0032378,IND,,,Ankle,Did Not Participate In Practice
2,00-0033952,IND,,,Not injury related - personal matter,Full Participation in Practice
2,00-0034573,IND,,,Not injury related - resting player,Did Not Participate In Practice
2,00-0035021,IND,Ankle,Out,Ankle,Did Not Participate In Practice
2,00-0036298,IND,,,Knee,Full Participation in Practice
2,00-0037190,IND,,,Rib,Full Participation in Practice
2,00-0037664,IND,,,Heel,Full Participation in Practice
2,00-0039164,IND,,,Groin,Full Participation in Practice
2,00-0039178,IND,,,Hamstring,Full Participation in Practice
2,00-0040179,IND,Knee,Questionable,Knee,Full Participation in Practice
2,00-0034413,JAX,,,Wrist,Full Participation in Practice
2,00-0034960,JAX,,,Thumb,Limited Participation in Practice
2,00-0036655,JAX,,,Knee,Full Participation in Practice
2,00-0038616,JAX,,,Knee,Full Participation in Practice
2,00-0039893,JAX,,,Shoulder,Limited Participation in Practice
2,00-0040238,JAX,,,Hip,Limited Participation in Practice
2,00-0032762,KC,Calf,Questionable,Calf,Limited Participation in Practice
2,00-0033873,KC,,,Knee,Full Participation in Practice
2,00-0036374,KC,,,Knee,Full Participation in Practice
2,00-0038982,KC,Knee,Out,Knee,Did Not Participate In Practice
2,00-0039067,KC,,,Knee,Full Participation in Practice
2,00-0040116,KC,Back,Out,Back,Did Not Participate In Practice
2,00-0040640,KC,,,Foot,Full Participation in Practice
2,00-0041501,KC,,,Hamstring,Full Participation in Practice
2,00-0041543,KC,Shoulder,Questionable,Shoulder,Limited Participation in Practice
2,00-0031381,LA,,,Not injury related - resting player,Full Participation in Practice
2,00-0031388,LA,,,Not injury related - resting player,Did Not Participate In Practice
2,00-0033110,LA,,,Not injury related - resting player,Did Not Participate In Practice
2,00-0036349,LA,,,Ankle,Limited Participation in Practice
2,00-0036603,LA,,,Not injury related - resting player,Did Not Participate In Practice
2,00-0037587,LA,,,Shoulder,Limited Participation in Practice
2,00-0039075,LA,Hip,Questionable,Hip,Did Not Participate In Practice
2,00-0039137,LA,,,Not injury related - resting player,Did Not Participate In Practice
2,00-0039751,LA,Quadricep,Doubtful,Quadricep,Did Not Participate In Practice
2,00-0039774,LA,,,Hip,Full Participation in Practice
2,00-0039834,LA,Hamstring,Out,Hamstring,Did Not Participate In Practice
2,00-0031040,LAC,,,Not injury related - resting player,Full Participation in Practice
2,00-0032146,LAC,,,Not injury related - resting player,Full Participation in Practice
2,00-0033546,LAC,,,Hamstring,Full Participation in Practice
2,00-0035688,LAC,Knee,Out,Knee,Did Not Participate In Practice
2,00-0036181,LAC,,,Ankle,Full Participation in Practice
2,00-0036992,LAC,Hamstring,Out,Hamstring,Did Not Participate In Practice
2,00-0037320,LAC,Abdomen,Questionable,Abdomen,Limited Participation in Practice
2,00-0038573,LAC,,,Calf,Full Participation in Practice
2,00-0039915,LAC,Rib,Questionable,Rib,Limited Participation in Practice
2,00-0041544,LAC,,,Calf,Full Participation in Practice
2,00-0038579,LV,Not injury related - personal matter,Questionable,Not injury related - personal matter,Did Not Participate In Practice
2,00-0039338,LV,Knee,Doubtful,Knee,Limited Participation in Practice
2,00-0040122,LV,,,Ankle,Full Participation in Practice
2,00-0040641,LV,Foot,Out,Foot,Did Not Participate In Practice
2,00-0034779,MIA,Hamstring,Out,Hamstring,Did Not Participate In Practice
2,00-0037686,MIA,Shoulder,Questionable,Shoulder,Limited Participation in Practice
2,00-0038128,MIA,,,Toe,Full Participation in Practice
2,00-0039911,MIA,Concussion,Out,Concussion,Did Not Participate In Practice
2,00-0040182,MIA,,,Hamstring,Full Participation in Practice
2,00-0041579,MIA,,,Thumb,Limited Participation in Practice
2,00-0029606,MIN,,,Not injury related - resting player,Limited Participation in Practice
2,00-0034158,MIN,Knee,Questionable,Knee,Limited Participation in Practice
2,00-0035228,MIN,Concussion,Out,Concussion,Limited Participation in Practice
2,00-0035272,MIN,,,Chest,Full Participation in Practice
2,00-0035276,MIN,,,Wrist,Full Participation in Practice
2,00-0036259,MIN,Not injury related - personal matter,Out,Not injury related - personal matter,Did Not Participate In Practice
2,00-0036616,MIN,,,Not injury related - resting player,Did Not Participate In Practice
2,00-0034720,NE,,,Knee,Full Participation in Practice
2,00-0034778,NE,Neck,Out,Neck,Did Not Participate In Practice
2,00-0035678,NE,Foot,Questionable,Foot,Limited Participation in Practice
2,00-0037413,NE,Knee,Questionable,Knee,Limited Participation in Practice
2,00-0040734,NE,,,Ankle,Full Participation in Practice
2,00-0041103,NE,Knee,Out,Knee,Did Not Participate In Practice
2,00-0027962,NO,,,Hamstring,Full Participation in Practice
2,00-0033063,NO,Calf,Out,Calf,Did Not Participate In Practice
2,00-0033860,NO,,,Not injury related - resting player,Full Participation in Practice
2,00-0033906,NO,,,Knee,Full Participation in Practice
2,00-0036040,NO,,,Illness,Full Participation in Practice
2,00-0036321,NO,Calf,Questionable,Calf,Limited Participation in Practice
2,00-0037239,NO,Hamstring,Questionable,Hamstring,Limited Participation in Practice
2,00-0039622,NO,Shoulder,Doubtful,Shoulder,Did Not Participate In Practice
2,00-0041041,NO,,,Hamstring,Full Participation in Practice
2,00-0041390,NO,Toe,Questionable,Toe,Limited Participation in Practice
2,00-0036386,NYG,,,Ankle,Limited Participation in Practice
2,00-0036937,NYG,,,Knee,Did Not Participate In Practice
2,00-0036982,NYG,,,Neck,Full Participation in Practice
2,00-0036996,NYG,,,Rib,Full Participation in Practice
2,00-0037259,NYG,Neck,Questionable,Neck,Limited Participation in Practice
2,00-0039000,NYG,Calf,Questionable,Calf,Did Not Participate In Practice
2,00-0041505,NYG,,,Shoulder,Full Participation in Practice
2,00-0033051,NYJ,,,Not injury related - resting player,Full Participation in Practice
2,00-0034789,NYJ,Groin,Out,Groin,Did Not Participate In Practice
2,00-0036500,NYJ,,,Knee,Full Participation in Practice
2,00-0036842,NYJ,Back,Out,Back,Did Not Participate In Practice
2,00-0036902,NYJ,Foot,Out,Foot,Did Not Participate In Practice
2,00-0039142,NYJ,Ankle,Questionable,Ankle,Limited Participation in Practice
2,00-0039372,NYJ,,,Shoulder,Full Participation in Practice
2,00-0041038,NYJ,,,Calf,Full Participation in Practice
2,00-0041511,NYJ,Ankle,Out,Ankle,Did Not Participate In Practice
2,00-0035662,PHI,,,Hamstring,Full Participation in Practice
2,00-0036224,PHI,Pectoral,Out,Pectoral,Limited Participation in Practice
2,00-0036980,PHI,,,Neck,Full Participation in Practice
2,00-0038386,PHI,,,Wrist,Limited Participation in Practice
2,00-0039841,PHI,,,Calf,Full Participation in Practice
2,00-0040749,PHI,Knee,Questionable,Knee,Limited Participation in Practice
2,00-0027969,PIT,,,Not injury related - resting player,Full Participation in Practice
2,00-0036252,PIT,Foot,Questionable,Foot,Did Not Participate In Practice
2,00-0038558,PIT,,,Not injury related - personal matter,Full Participation in Practice
2,00-0039167,PIT,Back,Out,Back,Limited Participation in Practice
2,00-0039871,PIT,Ankle,Questionable,Ankle,Full Participation in Practice
2,00-0033908,SEA,,,Back,Full Participation in Practice
2,00-0034869,SEA,Glute,Out,Glute,Did Not Participate In Practice
2,00-0036363,SEA,,,Knee,Full Participation in Practice
2,00-0037137,SEA,,,Wrist,Full Participation in Practice
2,00-0038765,SEA,Hamstring,Out,Hamstring,Did Not Participate In Practice
2,00-0039020,SEA,Knee,Out,Knee,Did Not Participate In Practice
2,00-0040648,SEA,,,Hamstring,Full Participation in Practice
2,00-0040733,SEA,Ankle,Questionable,Ankle,Limited Participation in Practice
2,00-0027857,SF,,,Not injury related - resting player,Full Participation in Practice
2,00-0029892,SF,,,Finger,Full Participation in Practice
2,00-0033280,SF,,,Not injury related - resting player,Full Participation in Practice
2,00-0033288,SF,,,Achilles,Full Participation in Practice
2,00-0034173,SF,Illness,Questionable,Illness,Did Not Participate In Practice
2,00-0034982,SF,,,Not injury related - resting player,Full Participation in Practice
2,00-0035717,SF,,,Not injury related - resting player,Full Participation in Practice
2,00-0036341,SF,,,Shoulder,Full Participation in Practice
2,00-0039148,SF,,,Back,Full Participation in Practice
2,00-0040152,SF,,,Achilles,Full Participation in Practice
2,00-0041035,SF,Ankle,Out,Ankle,Did Not Participate In Practice
2,00-0041052,SF,Groin,Questionable,Groin,Limited Participation in Practice
2,00-0032399,TB,Concussion,Questionable,Concussion,Full Participation in Practice
2,00-0032889,TB,,,Not injury related - resting player,Did Not Participate In Practice
2,00-0034989,TB,,,Oblique,Full Participation in Practice
2,00-0035942,TB,,,Foot,Full Participation in Practice
2,00-0038951,TB,,,Hamstring,Full Participation in Practice
2,00-0039855,TB,Knee,Questionable,Knee,Full Participation in Practice
2,00-0040143,TB,Back,Questionable,Back,Full Participation in Practice
2,00-0037758,TEN,Quadricep,Questionable,Quadricep,Did Not Participate In Practice
2,00-0039430,TEN,Elbow,Questionable,Elbow,Limited Participation in Practice
2,00-0039858,TEN,Concussion,Questionable,Concussion,Full Participation in Practice
2,00-0034302,WAS,Groin,Out,Groin,Did Not Participate In Practice
2,00-0034333,WAS,,,Knee,Full Participation in Practice
2,00-0034373,WAS,,,Knee,Limited Participation in Practice
2,00-0035279,WAS,,,Ankle,Limited Participation in Practice
2,00-0036260,WAS,Back,Questionable,Back,Limited Participation in Practice
2,00-0036286,WAS,,,Knee,Limited Participation in Practice
2,00-0036940,WAS,,,Calf,Limited Participation in Practice
2,00-0037092,WAS,,,Ankle,Full Participation in Practice
2,00-0037809,WAS,Hamstring,Out,Hamstring,Did Not Participate In Practice
2,00-0039681,WAS,,,Ankle,Full Participation in Practice
2,00-0040164,WAS,,,Groin,Limited Participation in Practice
2,00-0041096,WAS,,,Ankle,Full Participation in Practice
3,00-0032954,ARI,,,Not injury related - resting player,Full Participation in Practice
3,00-0033119,ARI,,,Hip,Full Participation in Practice
3,00-0034381,ARI,,,Not injury related - resting player,Full Participation in Practice
3,00-0035144,ARI,,,Not injury related - resting player,Full Participation in Practice
3,00-0035258,ARI,,,Knee,Full Participation in Practice
3,00-0036568,ARI,Groin,Questionable,Groin,Limited Participation in Practice
3,00-0039007,ARI,,,Achilles,Full Participation in Practice
3,00-0039807,ARI,Toe,Questionable,Toe,Limited Participation in Practice
3,00-0039864,ARI,Back,Out,Back,Did Not Participate In Practice
3,00-0033945,ATL,Hamstring,Out,Hamstring,Did Not Participate In Practice
3,00-0035237,ATL,,,Rib,Full Participation in Practice
3,00-0036204,ATL,,,Hip,Full Participation in Practice
3,00-0036212,ATL,,,Oblique,Full Participation in Practice
3,00-0036285,ATL,,,Groin,Did Not Participate In Practice
3,00-0037317,ATL,,,Shoulder,Full Participation in Practice
3,00-0037746,ATL,,,Ankle,Full Participation in Practice
3,00-0039859,ATL,,,Thumb,Full Participation in Practice
3,00-0039917,ATL,,,Knee,Full Participation in Practice
3,00-0040156,ATL,Achilles,Questionable,Achilles,Full Participation in Practice
3,00-0026190,BAL,,,Not injury related - resting player,Full Participation in Practice
3,00-0032398,BAL,,,Ankle,Full Participation in Practice
3,00-0032965,BAL,Toe,Out,Toe,Did Not Participate In Practice
3,00-0033935,BAL,,,Finger,Full Participation in Practice
3,00-0036130,BAL,,,Neck,Full Participation in Practice
3,00-0036369,BAL,,,Groin,Full Participation in Practice
3,00-0039064,BAL,Hamstring,Questionable,Hamstring,Limited Participation in Practice
3,00-0040069,BAL,,,Knee,Full Participation in Practice
3,00-0040688,BAL,,,Hamstring,Full Participation in Practice
3,00-0041494,BAL,,,Quadricep,Full Participation in Practice
3,00-0034827,BUF,Shoulder,Questionable,Shoulder,Limited Participation in Practice
3,00-0034832,BUF,,,Thumb,Full Participation in Practice
3,00-0035230,BUF,Hip,Questionable,Hip,Full Participation in Practice
3,00-0035537,BUF,,,Hamstring,Full Participation in Practice
3,00-0037254,BUF,,,Knee,Did Not Participate In Practice
3,00-0039763,BUF,,,Knee,Full Participation in Practice
3,00-0039901,BUF,Ankle,Questionable,Ankle,Limited Participation in Practice
3,00-0040192,BUF,Hamstring,Out,Hamstring,Did Not Participate In Practice
3,00-0040724,BUF,Illness,Out,Illness,Did Not Participate In Practice
3,00-0041128,BUF,Elbow,Questionable,Elbow,Limited Participation in Practice
3,00-0031610,CAR,,,Not injury related - resting player,Full Participation in Practice
3,00-0035669,CAR,Rib,Out,Rib,Did Not Participate In Practice
3,00-0036903,CAR,,,Back,Full Participation in Practice
3,00-0036934,CAR,,,Back,Full Participation in Practice
3,00-0037007,CAR,,,Back,Full Participation in Practice
3,00-0037244,CAR,Calf,Out,Calf,Did Not Participate In Practice
3,00-0038493,CAR,Shoulder,Out,Shoulder,Did Not Participate In Practice
3,00-0039342,CAR,Knee,Questionable,Knee,Limited Participation in Practice
3,00-0039491,CAR,Ankle,Questionable,Ankle,Limited Participation in Practice
3,00-0031203,CHI,,,Hip,Full Participation in Practice
3,00-0031583,CHI,,,Not injury related - resting player,Full Participation in Practice
3,00-0032391,CHI,,,Not injury related - resting player,Full Participation in Practice
3,00-0038390,CHI,Achilles,Out,Achilles,Limited Participation in Practice
3,00-0038416,CHI,Concussion,Questionable,Concussion,Full Participation in Practice
3,00-0039071,CHI,,,Hamstring,Full Participation in Practice
3,00-0039918,CHI,Hamstring,Out,Hamstring,Did Not Participate In Practice
3,00-0040236,CHI,,,Knee,Full Participation in Practice
3,00-0040741,CHI,Knee,Out,Knee,Limited Participation in Practice
3,00-0033523,CIN,,,Not injury related - resting player,Full Participation in Practice
3,00-0034800,CIN,Achilles,Doubtful,Achilles,Did Not Participate In Practice
3,00-0035683,CIN,,,Not injury related - resting player,Did Not Participate In Practice
3,00-0038619,CIN,Thumb,Out,Thumb,Did Not Participate In Practice
3,00-0035234,CLE,,,Knee,Full Participation in Practice
3,00-0035680,CLE,,,Knee,Full Participation in Practice
3,00-0036282,CLE,Shoulder,Questionable,Shoulder,Limited Participation in Practice
3,00-0036953,CLE,Back,Out,Back,Did Not Participate In Practice
3,00-0036974,CLE,Ankle,Questionable,Ankle,Limited Participation in Practice
3,00-0040685,CLE,,,Groin,Full Participation in Practice
3,00-0040784,CLE,,,Not injury related - personal matter,Full Participation in Practice
3,00-0033877,DAL,Forearm,Out,Forearm,Did Not Participate In Practice
3,00-0035227,DAL,Foot,Out,Foot,Did Not Participate In Practice
3,00-0037310,DAL,,,Shoulder,Full Participation in Practice
3,00-0037839,DAL,Hamstring,Out,Hamstring,Did Not Participate In Practice
3,00-0038556,DAL,Hamstring,Out,Hamstring,Did Not Participate In Practice
3,00-0036158,DEN,,,Hip,Full Participation in Practice
3,00-0038976,DEN,Foot,Questionable,Foot,Limited Participation in Practice
3,00-0040730,DEN,,,Hamstring,Full Participation in Practice
3,00-0041496,DEN,Ankle,Out,Ankle,Did Not Participate In Practice
3,00-0036272,DET,Foot,Out,Foot,Did Not Participate In Practice
3,00-0036624,DET,,,Not injury related - personal matter,Full Participation in Practice
3,00-0039408,DET,,,Hip,Full Participation in Practice
3,00-0039445,DET,,,Wrist,Full Participation in Practice
3,00-0039660,DET,Ankle,Out,Ankle,Did Not Participate In Practice
3,00-0040728,DET,,,Elbow,Full Participation in Practice
3,00-0040761,DET,,,Illness,Full Participation in Practice
3,00-0041439,DET,,,Knee,Full Participation in Practice
3,00-0033109,GB,Knee,Questionable,Knee,Limited Participation in Practice
3,00-0036551,GB,Knee,Out,Knee,Did Not Participate In Practice
3,00-0036625,GB,,,Hamstring,Full Participation in Practice
3,00-0037091,GB,,,Neck,Full Participation in Practice
3,00-0037817,GB,Knee,Out,Knee,Did Not Participate In Practice
3,00-0039146,GB,Neck,Out,Neck,Did Not Participate In Practice
3,00-0039272,GB,,,Hand,Limited Participation in Practice
3,00-0039850,GB,,,Shoulder,Limited Participation in Practice
3,00-0040016,GB,Calf,Out,Calf,Did Not Participate In Practice
3,00-0040689,GB,Ankle,Questionable,Ankle,Limited Participation in Practice
3,00-0040726,GB,,,Elbow,Full Participation in Practice
3,00-0041470,GB,,,Teeth,Full Participation in Practice
3,00-0031364,HOU,Knee,Out,Knee,Did Not Participate In Practice
3,00-0032071,HOU,Knee,Questionable,Knee,Full Participation in Practice
3,00-0034355,HOU,Knee,Out,Knee,Limited Participation in Practice
3,00-0034383,HOU,,,Not injury related - resting player,Did Not Participate In Practice
3,00-0036554,HOU,Hamstring,Out,Hamstring,Did Not Participate In Practice
3,00-0037130,HOU,,,Thumb,Full Participation in Practice
3,00-0037633,HOU,Groin,Out,Groin,Did Not Participate In Practice
3,00-0038127,HOU,,,Knee,Did Not Participate In Practice
3,00-0038131,HOU,Groin,Out,Groin,Did Not Participate In Practice
3,00-0039108,HOU,,,Not injury related - resting player,Limited Participation in Practice
3,00-0041465,HOU,,,Thumb,Full Participation in Practice
3,00-0030279,IND,,,Not injury related - resting player,Full Participation in Practice
3,00-0032378,IND,,,Not injury related - resting player,Did Not Participate In Practice
3,00-0032951,IND,,,Shoulder,Full Participation in Practice
3,00-0033952,IND,,,Not injury related - resting player,Full Participation in Practice
3,00-0034573,IND,Groin,Questionable,Groin,Full Participation in Practice
3,00-0035021,IND,Ankle,Out,Ankle,Did Not Participate In Practice
3,00-0036223,IND,,,Not injury related - resting player,Full Participation in Practice
3,00-0037190,IND,,,Rib,Full Participation in Practice
3,00-0037664,IND,Heel,Out,Heel,Did Not Participate In Practice
3,00-0039736,IND,,,Foot,Full Participation in Practice
3,00-0034960,JAX,,,Thumb,Full Participation in Practice
3,00-0036262,JAX,,,Back,Limited Participation in Practice
3,00-0036655,JAX,,,Knee,Full Participation in Practice
3,00-0036985,JAX,,,Elbow,Full Participation in Practice
3,00-0038616,JAX,,,Knee,Full Participation in Practice
3,00-0040238,JAX,,,Hip,Limited Participation in Practice
3,00-0040326,JAX,,,Not injury related - personal matter,Full Participation in Practice
3,00-0041045,JAX,Elbow,Doubtful,Elbow,Limited Participation in Practice
3,00-0032762,KC,,,Calf,Limited Participation in Practice
3,00-0033873,KC,,,Knee,Full Participation in Practice
3,00-0036374,KC,,,Knee,Limited Participation in Practice
3,00-0037208,KC,,,Calf,Full Participation in Practice
3,00-0038982,KC,Knee,Doubtful,Knee,Limited Participation in Practice
3,00-0039006,KC,,,Quadricep,Full Participation in Practice
3,00-0039067,KC,,,Knee,Full Participation in Practice
3,00-0039825,KC,,,Biceps,Full Participation in Practice
3,00-0040072,KC,,,Shoulder,Full Participation in Practice
3,00-0040116,KC,Back,Out,Back,Did Not Participate In Practice
3,00-0041497,KC,,,Knee,Full Participation in Practice
3,00-0041543,KC,,,Shoulder,Full Participation in Practice
3,00-0031388,LA,,,Not injury related - resting player,Did Not Participate In Practice
3,00-0036244,LA,Knee,Questionable,Knee,Did Not Participate In Practice
3,00-0036603,LA,,,Knee,Full Participation in Practice
3,00-0037587,LA,,,Shoulder,Limited Participation in Practice
3,00-0037841,LA,,,Shoulder,Full Participation in Practice
3,00-0039075,LA,Hip,Doubtful,Hip,Did Not Participate In Practice
3,00-0039137,LA,,,Not injury related - resting player,Did Not Participate In Practice
3,00-0039751,LA,,,Quadricep,Full Participation in Practice
3,00-0039834,LA,Hamstring,Doubtful,Hamstring,Did Not Participate In Practice
3,00-0040737,LA,,,Ankle,Full Participation in Practice
3,00-0031040,LAC,,,Not injury related - resting player,Full Participation in Practice
3,00-0033546,LAC,Hamstring,Out,Hamstring,Did Not Participate In Practice
3,00-0034790,LAC,,,Finger,Full Participation in Practice
3,00-0035688,LAC,Knee,Out,Knee,Did Not Participate In Practice
3,00-0036736,LAC,Fibula,Out,Fibula,Did Not Participate In Practice
3,00-0036992,LAC,Hamstring,Out,Hamstring,Did Not Participate In Practice
3,00-0037009,LAC,,,Groin,Full Participation in Practice
3,00-0037012,LAC,Groin,Questionable,Groin,Limited Participation in Practice
3,00-0037320,LAC,,,Abdomen,Full Participation in Practice
3,00-0038046,LAC,Forearm,Out,Forearm,Did Not Participate In Practice
3,00-0038103,LAC,,,Pectoral,Full Participation in Practice
3,00-0039111,LAC,,,Hamstring,Full Participation in Practice
3,00-0039915,LAC,,,Rib,Full Participation in Practice
3,00-0041381,LAC,Hamstring,Questionable,Hamstring,Limited Participation in Practice
3,00-0041550,LAC,Quadricep,Out,Quadricep,Did Not Participate In Practice
3,00-0034275,LV,,,Shoulder,Full Participation in Practice
3,00-0036479,LV,Illness,Questionable,Illness,Limited Participation in Practice
3,00-0037093,LV,,,Hamstring,Full Participation in Practice
3,00-0037527,LV,,,Knee,Full Participation in Practice
3,00-0037615,LV,,,Shoulder,Full Participation in Practice
3,00-0038579,LV,Not injury related - personal matter,Questionable,Not injury related - personal matter,Did Not Participate In Practice
3,00-0039338,LV,Knee,Questionable,Knee,Did Not Participate In Practice
3,00-0040199,LV,,,Back,Full Participation in Practice
3,00-0040641,LV,,,Foot,Full Participation in Practice
3,00-0040868,LV,Concussion,Out,Concussion,Did Not Participate In Practice
3,00-0037686,MIA,,,Shoulder,Limited Participation in Practice
3,00-0038603,MIA,Hamstring,Out,Hamstring,Did Not Participate In Practice
3,00-0038824,MIA,Hip,Questionable,Hip,Full Participation in Practice
3,00-0039156,MIA,Knee,Questionable,Knee,Full Participation in Practice
3,00-0039874,MIA,Stinger,Doubtful,Stinger,Did Not Participate In Practice
3,00-0039911,MIA,,,Concussion,Full Participation in Practice
3,00-0041523,MIA,Ankle,Out,Ankle,Did Not Participate In Practice
3,00-0041525,MIA,,,Knee,Full Participation in Practice
3,00-0041533,MIA,,,Shoulder,Full Participation in Practice
3,00-0041579,MIA,,,Thumb,Full Participation in Practice
3,00-0029606,MIN,,,Not injury related - resting player,Limited Participation in Practice
3,00-0033293,MIN,,,Knee,Full Participation in Practice
3,00-0034158,MIN,,,Knee,Full Participation in Practice
3,00-0036425,MIN,,,Toe,Full Participation in Practice
3,00-0036616,MIN,,,Not injury related - resting player,Did Not Participate In Practice
3,00-0038778,MIN,,,Elbow,Full Participation in Practice
3,00-0039237,MIN,Knee,Out,Knee,Did Not Participate In Practice
3,00-0040173,MIN,,,Oblique,Full Participation in Practice
3,00-0041495,MIN,,,Ankle,Full Participation in Practice
3,00-0041581,MIN,Hamstring,Out,Hamstring,Did Not Participate In Practice
3,00-0031054,NE,,,Not injury related - personal matter,Full Participation in Practice
3,00-0031330,NE,,,Foot,Limited Participation in Practice
3,00-0034778,NE,,,Neck,Full Participation in Practice
3,00-0035678,NE,Shoulder,Out,Shoulder,Did Not Participate In Practice
3,00-0036187,NE,,,Knee,Limited Participation in Practice
3,00-0037205,NE,Back,Out,Back,Limited Participation in Practice
3,00-0040716,NE,Shoulder,Questionable,Shoulder,Limited Participation in Practice
3,00-0041103,NE,,,Knee,Full Participation in Practice
3,00-0041395,NE,Thigh,Questionable,Thigh,Did Not Participate In Practice
3,00-0041402,NE,Knee,Out,Knee,Did Not Participate In Practice
3,00-0033860,NO,,,Not injury related - resting player,Full Participation in Practice
3,00-0034760,NO,,,Hip,Limited Participation in Practice
3,00-0036321,NO,,,Calf,Full Participation in Practice
3,00-0036973,NO,,,Hamstring,Full Participation in Practice
3,00-0037250,NO,Shoulder,Questionable,Shoulder,Limited Participation in Practice
3,00-0038551,NO,,,Illness,Full Participation in Practice
3,00-0039622,NO,,,Shoulder,Full Participation in Practice
3,00-0040643,NO,,,Knee,Full Participation in Practice
3,00-0041099,NO,Hamstring,Out,Hamstring,Did Not Participate In Practice
3,00-0041390,NO,Toe,Out,Toe,Did Not Participate In Practice
3,00-0031270,NYG,,,Toe,Full Participation in Practice
3,00-0033290,NYG,,,Thigh,Full Participation in Practice
3,00-0035713,NYG,Ankle,Questionable,Ankle,Did Not Participate In Practice
3,00-0036386,NYG,,,Groin,Limited Participation in Practice
3,00-0036996,NYG,,,Rib,Full Participation in Practice
3,00-0037259,NYG,,,Neck,Full Participation in Practice
3,00-0038986,NYG,,,Shoulder,Full Participation in Practice
3,00-0039000,NYG,Calf,Questionable,Calf,Limited Participation in Practice
3,00-0039337,NYG,,,Shoulder,Full Participation in Practice
3,00-0039861,NYG,Calf,Questionable,Calf,Limited Participation in Practice
3,00-0040691,NYG,,,Knee,Did Not Participate In Practice
3,00-0041505,NYG,,,Neck,Full Participation in Practice
3,00-0034789,NYJ,Groin,Out,Groin,Did Not Participate In Practice
3,00-0036842,NYJ,Back,Doubtful,Back,Did Not Participate In Practice
3,00-0036902,NYJ,Foot,Questionable,Foot,Full Participation in Practice
3,00-0039890,NYJ,Finger,Questionable,Finger,Limited Participation in Practice
3,00-0040186,NYJ,Quadricep,Out,Quadricep,Did Not Participate In Practice
3,00-0040736,NYJ,Thumb,Out,Thumb,Did Not Participate In Practice
3,00-0041026,NYJ,,,Elbow,Full Participation in Practice
3,00-0034351,PHI,Knee,Out,Knee,Did Not Participate In Practice
3,00-0034844,PHI,,,Neck,Full Participation in Practice
3,00-0034951,PHI,Knee,Out,Knee,Did Not Participate In Practice
3,00-0035662,PHI,Ankle,Out,Ankle,Did Not Participate In Practice
3,00-0036224,PHI,Pectoral,Questionable,Pectoral,Full Participation in Practice
3,00-0036912,PHI,,,Hamstring,Full Participation in Practice
3,00-0038386,PHI,,,Wrist,Full Participation in Practice
3,00-0038555,PHI,,,Abdomen,Full Participation in Practice
3,00-0039001,PHI,,,Shoulder,Full Participation in Practice
3,00-0039746,PHI,,,Foot,Limited Participation in Practice
3,00-0040749,PHI,,,Knee,Full Participation in Practice
3,00-0033055,PIT,,,Not injury related - resting player,Full Participation in Practice
3,00-0035286,PIT,,,Not injury related - personal matter,Full Participation in Practice
3,00-0035699,PIT,Ankle,Questionable,Ankle,Limited Participation in Practice
3,00-0036139,PIT,Toe,Out,Toe,Did Not Participate In Practice
3,00-0036252,PIT,Foot,Questionable,Foot,Limited Participation in Practice
3,00-0037228,PIT,Shoulder,Questionable,Shoulder,Limited Participation in Practice
3,00-0039167,PIT,Not injury related - other,Questionable,Not injury related - other,Limited Participation in Practice
3,00-0041396,PIT,Knee,Out,Knee,Did Not Participate In Practice
3,00-0033908,SEA,,,Back,Limited Participation in Practice
3,00-0034869,SEA,,,Glute,Full Participation in Practice
3,00-0034974,SEA,Calf,Out,Calf,Did Not Participate In Practice
3,00-0036994,SEA,,,Neck,Full Participation in Practice
3,00-0038488,SEA,,,Chest,Full Participation in Practice
3,00-0038694,SEA,Concussion,Questionable,Concussion,Limited Participation in Practice
3,00-0038765,SEA,Hamstring,Out,Hamstring,Did Not Participate In Practice
3,00-0039299,SEA,,,Knee,Full Participation in Practice
3,00-0040733,SEA,,,Ankle,Full Participation in Practice
3,00-0041512,SEA,,,Chest,Full Participation in Practice
3,00-0027857,SF,,,Not injury related - resting player,Full Participation in Practice
3,00-0031408,SF,Hip,Questionable,Hip,Limited Participation in Practice
3,00-0032775,SF,Ankle,Out,Ankle,Did Not Participate In Practice
3,00-0033280,SF,,,Not injury related - resting player,Full Participation in Practice
3,00-0034982,SF,,,Not injury related - resting player,Full Participation in Practice
3,00-0035717,SF,Knee,Out,Knee,Did Not Participate In Practice
3,00-0041363,SF,Ankle,Out,Ankle,Did Not Participate In Practice
3,00-0041556,SF,Hand,Out,Hand,Did Not Participate In Practice
3,00-0032889,TB,,,Not injury related - resting player,Full Participation in Practice
3,00-0034855,TB,,,Illness,Full Participation in Practice
3,00-0035254,TB,,,Shin,Full Participation in Practice
3,00-0039855,TB,,,Knee,Full Participation in Practice
3,00-0040143,TB,,,Back,Full Participation in Practice
3,00-0041031,TB,Groin,Out,Groin,Did Not Participate In Practice
3,00-0041502,TB,Shoulder,Out,Shoulder,Limited Participation in Practice
3,00-0033870,TEN,,,Knee,Full Participation in Practice
3,00-0035261,TEN,,,Ankle,Limited Participation in Practice
3,00-0037758,TEN,Quadricep,Questionable,Quadricep,Limited Participation in Practice
3,00-0038115,TEN,,,Illness,Limited Participation in Practice
3,00-0039032,TEN,Ankle,Questionable,Ankle,Limited Participation in Practice
3,00-0039430,TEN,,,Elbow,Full Participation in Practice
3,00-0040020,TEN,,,Groin,Full Participation in Practice
3,00-0040201,TEN,,,Shoulder,Full Participation in Practice
3,00-0040881,TEN,,,Shoulder,Full Participation in Practice
3,00-0034302,WAS,Groin,Out,Groin,Did Not Participate In Practice
3,00-0034373,WAS,,,Knee,Full Participation in Practice
3,00-0034465,WAS,,,Knee,Full Participation in Practice
3,00-0035279,WAS,,,Ankle,Full Participation in Practice
3,00-0036260,WAS,,,Back,Full Participation in Practice
3,00-0036618,WAS,Concussion,Out,Concussion,Did Not Participate In Practice
3,00-0037616,WAS,Illness,Out,Illness,Did Not Participate In Practice
3,00-0037809,WAS,Hamstring,Out,Hamstring,Did Not Participate In Practice
3,00-0037819,WAS,,,Chest,Limited Participation in Practice
3,00-0038100,WAS,,,Groin,Full Participation in Practice
3,00-0039681,WAS,,,Hamstring,Full Participation in Practice
3,00-0039910,WAS,Elbow,Out,Elbow,Did Not Participate In Practice
3,00-0039913,WAS,,,Finger,Full Participation in Practice
3,00-0040164,WAS,,,Groin,Full Participation in Practice
3,00-0041096,WAS,,,Hip,Full Participation in Practice
3,00-0041182,WAS,,,Hand,Full Participation in Practice
4,00-0032954,ARI,,,Not injury related - resting player,Full Participation in Practice
4,00-0033890,ARI,,,Not injury related - resting player,Full Participation in Practice
4,00-0034381,ARI,Not injury related - resting player,Questionable,Not injury related - resting player,Limited Participation in Practice
4,00-0035144,ARI,,,Thumb,Full Participation in Practice
4,00-0035258,ARI,,,Knee,Full Participation in Practice
4,00-0036568,ARI,,,Groin,Full Participation in Practice
4,00-0039864,ARI,Back,Out,Back,Did Not Participate In Practice
4,00-0040706,ARI,,,Shoulder,Full Participation in Practice
4,00-0031279,ATL,,,Not injury related - resting player,Did Not Participate In Practice
4,00-0031576,ATL,,,Not injury related - resting player,Full Participation in Practice
4,00-0033945,ATL,Hamstring,Questionable,Hamstring,Full Participation in Practice
4,00-0035237,ATL,,,Not injury related - resting player,Full Participation in Practice
4,00-0036990,ATL,Hamstring,Questionable,Hamstring,Limited Participation in Practice
4,00-0038580,ATL,Illness,Questionable,Illness,Full Participation in Practice
4,00-0041066,ATL,,,Achilles,Full Participation in Practice
4,00-0026190,BAL,,,Not injury related - resting player,Full Participation in Practice
4,00-0032398,BAL,Ankle,Questionable,Ankle,Limited Participation in Practice
4,00-0032965,BAL,Toe,Questionable,Toe,Did Not Participate In Practice
4,00-0033281,BAL,,,Hamstring,Full Participation in Practice
4,00-0033901,BAL,Knee,Out,Knee,Did Not Participate In Practice
4,00-0033935,BAL,Finger,Out,Finger,Did Not Participate In Practice
4,00-0034753,BAL,,,Hand,Full Participation in Practice
4,00-0034796,BAL,,,Back,Full Participation in Practice
4,00-0034798,BAL,,,Heel,Full Participation in Practice
4,00-0036369,BAL,,,Groin,Full Participation in Practice
4,00-0038629,BAL,Ankle,Out,Ankle,Did Not Participate In Practice
4,00-0039064,BAL,Hamstring,Questionable,Hamstring,Limited Participation in Practice
4,00-0034827,BUF,,,Shoulder,Limited Participation in Practice
4,00-0034832,BUF,,,Thumb,Full Participation in Practice
4,00-0036037,BUF,,,Not injury related - personal matter,Did Not Participate In Practice
4,00-0036888,BUF,,,Ribs,Limited Participation in Practice
4,00-0037254,BUF,,,Knee,Did Not Participate In Practice
4,00-0037288,BUF,Toe,Questionable,Toe,Did Not Participate In Practice
4,00-0038557,BUF,,,Hip,Full Participation in Practice
4,00-0039763,BUF,,,Knee,Full Participation in Practice
4,00-0039875,BUF,Hamstring,Questionable,Hamstring,Limited Participation in Practice
4,00-0039901,BUF,,,Ankle,Limited Participation in Practice
4,00-0040710,BUF,,,Quadricep,Full Participation in Practice
4,00-0040724,BUF,Illness,Doubtful,Illness,Limited Participation in Practice
4,00-0041128,BUF,,,Elbow,Full Participation in Practice
4,00-0031610,CAR,,,Not injury related - resting player,Full Participation in Practice
4,00-0035669,CAR,,,Rib,Full Participation in Practice
4,00-0036417,CAR,Elbow,Out,Elbow,Did Not Participate In Practice
4,00-0036555,CAR,,,Not injury related - resting player,Full Participation in Practice
4,00-0037244,CAR,,,Calf,Full Participation in Practice
4,00-0039150,CAR,,,Knee,Full Participation in Practice
4,00-0039342,CAR,Knee,Out,Knee,Did Not Participate In Practice
4,00-0039491,CAR,Quadricep,Questionable,Quadricep,Limited Participation in Practice
4,00-0040136,CAR,,,Ankle,Full Participation in Practice
4,00-0040174,CAR,Knee,Questionable,Knee,Limited Participation in Practice
4,00-0041034,CAR,Concussion,Questionable,Concussion,Full Participation in Practice
4,00-0041478,CAR,Foot,Questionable,Foot,Limited Participation in Practice
4,00-0031583,CHI,,,Not injury related - resting player,Full Participation in Practice
4,00-0032391,CHI,,,Not injury related - resting player,Full Participation in Practice
4,00-0035357,CHI,Hip,Doubtful,Hip,Did Not Participate In Practice
4,00-0036258,CHI,,,Not injury related - personal matter,Full Participation in Practice
4,00-0036275,CHI,,,Knee,Full Participation in Practice
4,00-0037081,CHI,Knee,Out,Knee,Did Not Participate In Practice
4,00-0038111,CHI,Calf,Out,Calf,Full Participation in Practice
4,00-0038390,CHI,Achilles,Out,Achilles,Full Participation in Practice
4,00-0039918,CHI,Hamstring,Out,Hamstring,Did Not Participate In Practice
4,00-0040741,CHI,Knee,Out,Knee,Full Participation in Practice
4,00-0033523,CIN,,,Not injury related - resting player,Full Participation in Practice
4,00-0034800,CIN,Achilles,Questionable,Achilles,Limited Participation in Practice
4,00-0035683,CIN,,,Not injury related - resting player,Did Not Participate In Practice
4,00-0035702,CIN,Knee,Questionable,Knee,Full Participation in Practice
4,00-0036231,CIN,Quadricep,Out,Quadricep,Did Not Participate In Practice
4,00-0037193,CIN,Ankle,Questionable,Ankle,Limited Participation in Practice
4,00-0038549,CIN,,,Ankle,Limited Participation in Practice
4,00-0038560,CIN,,,Hamstring,Full Participation in Practice
4,00-0039313,CIN,Groin,Questionable,Groin,Did Not Participate In Practice
4,00-0041069,CIN,Knee,Out,Knee,Did Not Participate In Practice
4,00-0035234,CLE,,,Knee,Full Participation in Practice
4,00-0035526,CLE,Concussion,Out,Concussion,Did Not Participate In Practice
4,00-0036282,CLE,,,Shoulder,Full Participation in Practice
4,00-0036630,CLE,Knee,Out,Knee,Did Not Participate In Practice
4,00-0036953,CLE,Back,Out,Back,Limited Participation in Practice
4,00-0036974,CLE,,,Knee,Full Participation in Practice
4,00-0033877,DAL,,,Forearm,Full Participation in Practice
4,00-0037310,DAL,,,Shoulder,Full Participation in Practice
4,00-0037839,DAL,Hamstring,Out,Hamstring,Did Not Participate In Practice
4,00-0038556,DAL,Hamstring,Out,Hamstring,Did Not Participate In Practice
4,00-0040008,DAL,,,Knee,Full Participation in Practice
4,00-0033297,DEN,,,Not injury related - resting player,Full Participation in Practice
4,00-0035248,DEN,,,Not injury related - resting player,Full Participation in Practice
4,00-0036158,DEN,,,Hip,Full Participation in Practice
4,00-0036613,DEN,,,Foot,Full Participation in Practice
4,00-0037799,DEN,Hamstring,Out,Hamstring,Did Not Participate In Practice
4,00-0038976,DEN,,,Foot,Full Participation in Practice
4,00-0034384,DET,Rib,Questionable,Rib,Limited Participation in Practice
4,00-0036272,DET,Foot,Out,Foot,Did Not Participate In Practice
4,00-0036335,DET,,,Back,Full Participation in Practice
4,00-0036551,GB,Knee,Out,Knee,Did Not Participate In Practice
4,00-0038398,GB,,,Illness,Limited Participation in Practice
4,00-0039112,GB,,,Shoulder,Limited Participation in Practice
4,00-0039817,GB,Quadricep,Out,Quadricep,Did Not Participate In Practice
4,00-0039850,GB,Shoulder,Questionable,Shoulder,Full Participation in Practice
4,00-0040016,GB,Calf,Out,Calf,Did Not Participate In Practice
4,00-0040689,GB,Ankle,Out,Ankle,Did Not Participate In Practice
4,00-0040884,GB,Groin,Questionable,Groin,Limited Participation in Practice
4,00-0031364,HOU,Knee,Questionable,Knee,Did Not Participate In Practice
4,00-0032071,HOU,,,Illness,Full Participation in Practice
4,00-0034355,HOU,Knee,Out,Knee,Did Not Participate In Practice
4,00-0034383,HOU,,,Not injury related - resting player,Limited Participation in Practice
4,00-0035166,HOU,Groin,Out,Groin,Did Not Participate In Practice
4,00-0036554,HOU,,,Hamstring,Full Participation in Practice
4,00-0037457,HOU,Calf,Questionable,Calf,Full Participation in Practice
4,00-0038127,HOU,Knee,Questionable,Knee,Limited Participation in Practice
4,00-0038131,HOU,Groin,Questionable,Groin,Full Participation in Practice
4,00-0039108,HOU,,,Ankle,Full Participation in Practice
4,00-0039603,HOU,,,Hamstring,Did Not Participate In Practice
4,00-0039838,HOU,,,Quadricep,Full Participation in Practice
4,00-0041465,HOU,,,Ankle,Full Participation in Practice
4,00-0030279,IND,Not injury related - resting player,Questionable,Not injury related - resting player,Did Not Participate In Practice
4,00-0033217,IND,,,Illness,Full Participation in Practice
4,00-0033952,IND,,,Not injury related - resting player,Full Participation in Practice
4,00-0034573,IND,,,Not injury related - resting player,Full Participation in Practice
4,00-0035021,IND,Ankle,Questionable,Ankle,Full Participation in Practice
4,00-0036223,IND,,,Not injury related - resting player,Full Participation in Practice
4,00-0036298,IND,,,Knee,Full Participation in Practice
4,00-0039576,IND,,,Groin,Full Participation in Practice
4,00-0034960,JAX,,,Thumb,Full Participation in Practice
4,00-0036262,JAX,,,Back,Full Participation in Practice
4,00-0036655,JAX,,,Knee,Full Participation in Practice
4,00-0037313,JAX,Hamstring,Questionable,Hamstring,Limited Participation in Practice
4,00-0038616,JAX,Knee,Questionable,Knee,Limited Participation in Practice
4,00-0039353,JAX,,,Hip,Full Participation in Practice
4,00-0040238,JAX,,,Hip,Limited Participation in Practice
4,00-0041045,JAX,Elbow,Questionable,Elbow,Limited Participation in Practice
4,00-0041503,JAX,,,Illness,Full Participation in Practice
4,00-0032762,KC,,,Calf,Full Participation in Practice
4,00-0033873,KC,,,Knee,Full Participation in Practice
4,00-0036374,KC,,,Knee,Full Participation in Practice
4,00-0037208,KC,,,Calf,Full Participation in Practice
4,00-0038982,KC,,,Knee,Full Participation in Practice
4,00-0039006,KC,,,Quadricep,Full Participation in Practice
4,00-0039067,KC,,,Knee,Full Participation in Practice
4,00-0039324,KC,,,Shoulder,Full Participation in Practice
4,00-0040116,KC,Back,Out,Back,Did Not Participate In Practice
4,00-0040640,KC,,,Knee,Full Participation in Practice
4,00-0041497,KC,,,Knee,Full Participation in Practice
4,00-0031381,LA,,,Not injury related - resting player,Full Participation in Practice
4,00-0031388,LA,Back,Out,Back,Did Not Participate In Practice
4,00-0033110,LA,,,Not injury related - resting player,Did Not Participate In Practice
4,00-0034234,LA,,,Not injury related - resting player,Full Participation in Practice
4,00-0036244,LA,Knee,Questionable,Knee,Did Not Participate In Practice
4,00-0036603,LA,,,Not injury related - resting player,Did Not Participate In Practice
4,00-0037195,LA,Shoulder,Out,Shoulder,Did Not Participate In Practice
4,00-0037587,LA,,,Shoulder,Full Participation in Practice
4,00-0039075,LA,,,Hip,Full Participation in Practice
4,00-0039137,LA,,,Not injury related - resting player,Did Not Participate In Practice
4,00-0039772,LA,,,Shoulder,Full Participation in Practice
4,00-0039834,LA,,,Hamstring,Full Participation in Practice
4,00-0040580,LA,Groin,Questionable,Groin,Did Not Participate In Practice
4,00-0040737,LA,Ankle,Out,Ankle,Did Not Participate In Practice
4,00-0031040,LAC,,,Not injury related - resting player,Full Participation in Practice
4,00-0032146,LAC,,,Not injury related - resting player,Full Participation in Practice
4,00-0033546,LAC,Hamstring,Out,Hamstring,Did Not Participate In Practice
4,00-0034356,LAC,Concussion,Questionable,Concussion,Full Participation in Practice
4,00-0034790,LAC,Hamstring,Questionable,Hamstring,Limited Participation in Practice
4,00-0036736,LAC,Fibula,Out,Fibula,Did Not Participate In Practice
4,00-0036992,LAC,Hamstring,Questionable,Hamstring,Limited Participation in Practice
4,00-0037012,LAC,Groin,Questionable,Groin,Limited Participation in Practice
4,00-0038046,LAC,Forearm,Out,Forearm,Limited Participation in Practice
4,00-0038454,LAC,,,Ankle,Full Participation in Practice
4,00-0039835,LAC,,,Eye,Full Participation in Practice
4,00-0039915,LAC,Foot,Questionable,Foot,Limited Participation in Practice
4,00-0041550,LAC,Quadricep,Out,Quadricep,Did Not Participate In Practice
4,00-0034275,LV,,,Shoulder,Full Participation in Practice
4,00-0035891,LV,,,Ankle,Limited Participation in Practice
4,00-0036901,LV,,,Ankle,Full Participation in Practice
4,00-0037461,LV,,,Knee,Full Participation in Practice
4,00-0037512,LV,,,Foot,Full Participation in Practice
4,00-0038579,LV,Not injury related - personal matter,Questionable,Not injury related - personal matter,Did Not Participate In Practice
4,00-0039338,LV,,,Knee,Limited Participation in Practice
4,00-0039735,LV,Groin,Out,Groin,Did Not Participate In Practice
4,00-0040122,LV,,,Ankle,Full Participation in Practice
4,00-0040868,LV,,,Concussion,Full Participation in Practice
4,00-0040894,LV,,,Knee,Full Participation in Practice
4,00-0036159,MIA,,,Foot,Full Participation in Practice
4,00-0036171,MIA,,,Hand,Full Participation in Practice
4,00-0037686,MIA,,,Shoulder,Limited Participation in Practice
4,00-0038603,MIA,Hamstring,Out,Hamstring,Did Not Participate In Practice
4,00-0039156,MIA,,,Knee,Full Participation in Practice
4,00-0039481,MIA,Knee,Out,Knee,Full Participation in Practice
4,00-0039874,MIA,,,Foot,Full Participation in Practice
4,00-0039911,MIA,,,Foot,Full Participation in Practice
4,00-0040182,MIA,,,Groin,Full Participation in Practice
4,00-0040248,MIA,,,Ankle,Full Participation in Practice
4,00-0041523,MIA,Ankle,Out,Ankle,Did Not Participate In Practice
4,00-0041525,MIA,,,Knee,Full Participation in Practice
4,00-0041579,MIA,,,Thumb,Full Participation in Practice
4,00-0029606,MIN,,,Not injury related - resting player,Limited Participation in Practice
4,00-0033293,MIN,,,Not injury related - resting player,Limited Participation in Practice
4,00-0035276,MIN,,,Elbow,Full Participation in Practice
4,00-0036322,MIN,Ankle,Out,Ankle,Did Not Participate In Practice
4,00-0036616,MIN,,,Not injury related - resting player,Did Not Participate In Practice
4,00-0041083,MIN,Hamstring,Out,Hamstring,Did Not Participate In Practice
4,00-0041581,MIN,Hamstring,Out,Hamstring,Did Not Participate In Practice
4,00-0031330,NE,Foot,Questionable,Foot,Limited Participation in Practice
4,00-0035678,NE,Shoulder,Questionable,Shoulder,Limited Participation in Practice
4,00-0036187,NE,Knee,Questionable,Knee,Limited Participation in Practice
4,00-0036813,NE,Chest,Questionable,Chest,Limited Participation in Practice
4,00-0036981,NE,Shoulder,Out,Shoulder,Did Not Participate In Practice
4,00-0037205,NE,Back,Out,Back,Limited Participation in Practice
4,00-0039147,NE,Shoulder,Out,Shoulder,Did Not Participate In Practice
4,00-0039851,NE,,,Shoulder,Full Participation in Practice
4,00-0040716,NE,Shoulder,Questionable,Shoulder,Limited Participation in Practice
4,00-0041316,NE,Hamstring,Questionable,Hamstring,Limited Participation in Practice
4,00-0041395,NE,Thigh,Questionable,Thigh,Limited Participation in Practice
4,00-0033860,NO,,,Not injury related - resting player,Full Participation in Practice
4,00-0034760,NO,,,Not injury related - resting player,Did Not Participate In Practice
4,00-0035316,NO,Calf,Out,Calf,Did Not Participate In Practice
4,00-0035402,NO,Ankle,Out,Ankle,Did Not Participate In Practice
4,00-0035644,NO,Abdomen,Questionable,Abdomen,Limited Participation in Practice
4,00-0036193,NO,Knee,Out,Knee,Did Not Participate In Practice
4,00-0036253,NO,,,Calf,Full Participation in Practice
4,00-0036927,NO,Shoulder,Questionable,Shoulder,Did Not Participate In Practice
4,00-0037250,NO,,,Shoulder,Full Participation in Practice
4,00-0039518,NO,,,Not injury related - personal matter,Did Not Participate In Practice
4,00-0039725,NO,,,Ankle,Limited Participation in Practice
4,00-0041099,NO,,,Hamstring,Full Participation in Practice
4,00-0041390,NO,,,Toe,Full Participation in Practice
4,00-0033376,NYG,,,Nose,Full Participation in Practice
4,00-0034248,NYG,,,Foot,Full Participation in Practice
4,00-0036386,NYG,,,Groin,Limited Participation in Practice
4,00-0038986,NYG,,,Shoulder,Full Participation in Practice
4,00-0039000,NYG,,,Calf,Full Participation in Practice
4,00-0039019,NYG,,,Not injury related - personal matter,Did Not Participate In Practice
4,00-0039384,NYG,,,Knee,Full Participation in Practice
4,00-0039861,NYG,,,Calf,Full Participation in Practice
4,00-0034789,NYJ,,,Groin,Full Participation in Practice
4,00-0036842,NYJ,,,Back,Full Participation in Practice
4,00-0037083,NYJ,Knee,Questionable,Knee,Limited Participation in Practice
4,00-0037255,NYJ,Knee,Out,Knee,Did Not Participate In Practice
4,00-0037805,NYJ,,,Knee,Full Participation in Practice
4,00-0038120,NYJ,Quadricep,Out,Quadricep,Did Not Participate In Practice
4,00-0039890,NYJ,Finger,Out,Finger,Did Not Participate In Practice
4,00-0040186,NYJ,Quadricep,Out,Quadricep,Did Not Participate In Practice
4,00-0040736,NYJ,Thumb,Out,Thumb,Did Not Participate In Practice
4,00-0041032,NYJ,Back,Questionable,Back,Limited Participation in Practice
4,00-0032580,PHI,,,Quadricep,Full Participation in Practice
4,00-0034351,PHI,Knee,Out,Knee,Did Not Participate In Practice
4,00-0034951,PHI,Knee,Out,Knee,Did Not Participate In Practice
4,00-0034993,PHI,Groin,Out,Groin,Did Not Participate In Practice
4,00-0035662,PHI,Ankle,Out,Ankle,Did Not Participate In Practice
4,00-0036224,PHI,,,Pectoral,Full Participation in Practice
4,00-0036418,PHI,Concussion,Out,Concussion,Did Not Participate In Practice
4,00-0036912,PHI,Hamstring,Out,Hamstring,Did Not Participate In Practice
4,00-0037073,PHI,,,Calf,Full Participation in Practice
4,00-0038386,PHI,,,Wrist,Full Participation in Practice
4,00-0038412,PHI,,,Calf,Full Participation in Practice
4,00-0038555,PHI,,,Abdomen,Full Participation in Practice
4,00-0038978,PHI,,,Toe,Full Participation in Practice
4,00-0039746,PHI,,,Foot,Full Participation in Practice
4,00-0040024,PHI,,,Knee,Full Participation in Practice
4,00-0040708,PHI,,,Knee,Limited Participation in Practice
4,00-0033055,PIT,Wrist,Questionable,Wrist,Limited Participation in Practice
4,00-0036139,PIT,Toe,Out,Toe,Did Not Participate In Practice
4,00-0036504,PIT,Concussion,,Concussion,Limited Participation in Practice
4,00-0039167,PIT,Not injury related - other,Out,Not injury related - other,Limited Participation in Practice
4,00-0040188,PIT,Not injury related - personal matter,Questionable,,
4,00-0031933,SEA,,,Not injury related - resting player,Full Participation in Practice
4,00-0032387,SEA,,,Foot,Full Participation in Practice
4,00-0034974,SEA,,,Calf,Full Participation in Practice
4,00-0037003,SEA,Calf,Questionable,Calf,Limited Participation in Practice
4,00-0037545,SEA,,,Hip,Full Participation in Practice
4,00-0038694,SEA,,,Neck,Full Participation in Practice
4,00-0038765,SEA,Hamstring,Questionable,Hamstring,Full Participation in Practice
4,00-0039165,SEA,Knee,Out,Knee,Limited Participation in Practice
4,00-0039299,SEA,,,Rib,Limited Participation in Practice
4,00-0040639,SEA,,,Groin,Full Participation in Practice
4,00-0040733,SEA,,,Ankle,Full Participation in Practice
4,00-0041512,SEA,Chest,Out,Chest,Did Not Participate In Practice
4,00-0027857,SF,,,Not injury related - resting player,Full Participation in Practice
4,00-0031408,SF,Ribs,Questionable,Ribs,Limited Participation in Practice
4,00-0033280,SF,,,Not injury related - resting player,Full Participation in Practice
4,00-0034854,SF,,,Knee,Did Not Participate In Practice
4,00-0034982,SF,Quadricep,Questionable,Quadricep,Limited Participation in Practice
4,00-0035717,SF,Knee,Out,Knee,Did Not Participate In Practice
4,00-0039148,SF,Hamstring,Questionable,Hamstring,Limited Participation in Practice
4,00-0040660,SF,Knee,Out,Knee,Limited Participation in Practice
4,00-0041078,SF,Shoulder,Questionable,Shoulder,Limited Participation in Practice
4,00-0041363,SF,Ankle,Out,Ankle,Did Not Participate In Practice
4,00-0041556,SF,,,Hand,Limited Participation in Practice
4,00-0031957,TB,Ankle,Questionable,Ankle,Full Participation in Practice
4,00-0032889,TB,,,Not injury related - resting player,Full Participation in Practice
4,00-0033921,TB,,,Ankle,Full Participation in Practice
4,00-0034855,TB,Thumb,Out,Thumb,Did Not Participate In Practice
4,00-0037311,TB,Elbow,Out,Elbow,Did Not Participate In Practice
4,00-0039049,TB,Calf,Questionable,Calf,Limited Participation in Practice
4,00-0039068,TB,,,Calf,Full Participation in Practice
4,00-0039361,TB,,,Glute,Full Participation in Practice
4,00-0040143,TB,Not injury related - personal matter,Questionable,Not injury related - personal matter,Limited Participation in Practice
4,00-0040747,TB,Quadricep,Out,Quadricep,Did Not Participate In Practice
4,00-0041031,TB,Groin,Out,Groin,Did Not Participate In Practice
4,00-0041057,TB,,,Toe,Full Participation in Practice
4,00-0041079,TB,,,Thumb,Full Participation in Practice
4,00-0041502,TB,,,Shoulder,Full Participation in Practice
4,00-0034805,TEN,,,Back,Full Participation in Practice
4,00-0035261,TEN,,,Foot,Full Participation in Practice
4,00-0039032,TEN,Ankle,Questionable,Ankle,Full Participation in Practice
4,00-0040141,TEN,Shoulder,Questionable,Shoulder,Did Not Participate In Practice
4,00-0033082,WAS,,,Foot,Full Participation in Practice
4,00-0034302,WAS,,,Groin,Limited Participation in Practice
4,00-0035149,WAS,,,Hip,Full Participation in Practice
4,00-0035279,WAS,,,Ankle,Limited Participation in Practice
4,00-0035659,WAS,Hamstring,Questionable,Hamstring,Limited Participation in Practice
4,00-0036260,WAS,,,Shoulder,Full Participation in Practice
4,00-0036375,WAS,,,Knee,Full Participation in Practice
4,00-0036618,WAS,Concussion,Out,Concussion,Did Not Participate In Practice
4,00-0037256,WAS,Shoulder,Out,Shoulder,Did Not Participate In Practice
4,00-0037616,WAS,Illness,Out,Illness,Did Not Participate In Practice
4,00-0037809,WAS,,,Hamstring,Limited Participation in Practice
4,00-0038100,WAS,Concussion,Questionable,Concussion,Full Participation in Practice
4,00-0039149,WAS,,,Groin,Full Participation in Practice
4,00-0039910,WAS,Elbow,Out,Elbow,Limited Participation in Practice
4,00-0039912,WAS,,,Rib,Limited Participation in Practice
